project,url
suiron,https://github.com/kendricktan/suiron
aiohttp,https://github.com/aio-libs/aiohttp
twitter-scraper,https://github.com/bisguzar/twitter-scraper
bert-as-service,https://github.com/hanxiao/bert-as-service
higher,https://github.com/facebookresearch/higher
adversarial-robustness-toolbox,https://github.com/IBM/adversarial-robustness-toolbox
gnomecast,https://github.com/keredson/gnomecast
imgclsmob,https://github.com/osmr/imgclsmob
volatility,https://github.com/volatilityfoundation/volatility
AB3DMOT,https://github.com/xinshuoweng/AB3DMOT
proxy_pool,https://github.com/jhao104/proxy_pool
flax,https://github.com/google/flax
roberta_zh,https://github.com/brightmart/roberta_zh
PyPDF2,https://github.com/mstamy2/PyPDF2
binwalk,https://github.com/ReFirmLabs/binwalk
TextWorld,https://github.com/microsoft/TextWorld
trape,https://github.com/jofpin/trape
uxy,https://github.com/sustrik/uxy
cloud-custodian,https://github.com/cloud-custodian/cloud-custodian
gensim,https://github.com/RaRe-Technologies/gensim
instabot,https://github.com/instagrambot/instabot
neural-mmo,https://github.com/openai/neural-mmo
ML-GCN,https://github.com/Megvii-Nanjing/ML-GCN
torch2trt,https://github.com/NVIDIA-AI-IOT/torch2trt
DeepLeague,https://github.com/farzaa/DeepLeague
maltrail,https://github.com/stamparm/maltrail
reinforcement-learning-an-introduction,https://github.com/ShangtongZhang/reinforcement-learning-an-introduction
calibre,https://github.com/kovidgoyal/calibre
mininet,https://github.com/mininet/mininet
face3d,https://github.com/YadiraF/face3d
MLAlgorithms,https://github.com/rushter/MLAlgorithms
boto3,https://github.com/boto/boto3
spot-sdk,https://github.com/boston-dynamics/spot-sdk
better-exceptions,https://github.com/Qix-/better-exceptions
CCNet,https://github.com/speedinghzl/CCNet
scikit-image,https://github.com/scikit-image/scikit-image
mezzanine,https://github.com/stephenmcd/mezzanine
responses,https://github.com/getsentry/responses
pwn_jenkins,https://github.com/gquere/pwn_jenkins
gitsome,https://github.com/donnemartin/gitsome
django-ecstatic,https://github.com/hzdg/django-ecstatic
devops-exercises,https://github.com/bregman-arie/devops-exercises
tf-faster-rcnn,https://github.com/endernewton/tf-faster-rcnn
contextualise,https://github.com/brettkromkamp/contextualise
pgcli,https://github.com/dbcli/pgcli
deep-voice-conversion,https://github.com/andabi/deep-voice-conversion
dirmap,https://github.com/H4ckForJob/dirmap
sublime-jsdocs,https://github.com/spadgos/sublime-jsdocs
Auto-PyTorch,https://github.com/automl/Auto-PyTorch
votenet,https://github.com/facebookresearch/votenet
taiga-back,https://github.com/taigaio/taiga-back
python-docs-samples,https://github.com/GoogleCloudPlatform/python-docs-samples
galaxy-integrations-python-api,https://github.com/gogcom/galaxy-integrations-python-api
petastorm,https://github.com/uber/petastorm
POLAR,https://github.com/ezrac/POLAR
pyalgotrade,https://github.com/gbeced/pyalgotrade
lektor,https://github.com/lektor/lektor
awslogs,https://github.com/jorgebastida/awslogs
pyramid,https://github.com/Pylons/pyramid
asciinema,https://github.com/asciinema/asciinema
speedtest-cli,https://github.com/sivel/speedtest-cli
cartography,https://github.com/lyft/cartography
flow-dashboard,https://github.com/onejgordon/flow-dashboard
maybe,https://github.com/p-e-w/maybe
openparty,https://github.com/openparty/openparty
ECommerceCrawlers,https://github.com/DropsDevopsOrg/ECommerceCrawlers
bandit,https://github.com/PyCQA/bandit
tpot,https://github.com/EpistasisLab/tpot
vid2vid,https://github.com/NVIDIA/vid2vid
ultisnips,https://github.com/SirVer/ultisnips
akshare,https://github.com/jindaxiang/akshare
wesng,https://github.com/bitsadmin/wesng
nova,https://github.com/openstack/nova
shadowbroker,https://github.com/misterch0c/shadowbroker
generative_art,https://github.com/aaronpenne/generative_art
paramiko,https://github.com/paramiko/paramiko
cookiecutter-django,https://github.com/pydanny/cookiecutter-django
semantic-segmentation-pytorch,https://github.com/CSAILVision/semantic-segmentation-pytorch
SNIPER,https://github.com/mahyarnajibi/SNIPER
Apfell,https://github.com/its-a-feature/Apfell
tensorboard,https://github.com/tensorflow/tensorboard
usbkill,https://github.com/hephaest0s/usbkill
DataSciencePython,https://github.com/ujjwalkarn/DataSciencePython
CTFd,https://github.com/CTFd/CTFd
v2ex-gae,https://github.com/livid/v2ex-gae
grr,https://github.com/google/grr
netbox,https://github.com/netbox-community/netbox
edgedb,https://github.com/edgedb/edgedb
pybrain,https://github.com/pybrain/pybrain
DeepLearningFlappyBird,https://github.com/yenchenlin/DeepLearningFlappyBird
aws-sam-cli,https://github.com/awslabs/aws-sam-cli
typer,https://github.com/tiangolo/typer
synapse,https://github.com/matrix-org/synapse
django-extensions,https://github.com/django-extensions/django-extensions
stargan-v2,https://github.com/clovaai/stargan-v2
line_profiler,https://github.com/rkern/line_profiler
Eel,https://github.com/samuelhwilliams/Eel
gpt-2-simple,https://github.com/minimaxir/gpt-2-simple
algorithms,https://github.com/keon/algorithms
ouroboros,https://github.com/pyouroboros/ouroboros
reviewboard,https://github.com/reviewboard/reviewboard
OUCML,https://github.com/OUCMachineLearning/OUCML
pyspider,https://github.com/binux/pyspider
bup,https://github.com/bup/bup
django-rest-framework,https://github.com/encode/django-rest-framework
PrivExchange,https://github.com/dirkjanm/PrivExchange
social-engineer-toolkit,https://github.com/trustedsec/social-engineer-toolkit
bypy,https://github.com/houtianze/bypy
CenterTrack,https://github.com/xingyizhou/CenterTrack
flask-admin,https://github.com/flask-admin/flask-admin
medicaltorch,https://github.com/perone/medicaltorch
deepjazz,https://github.com/jisungk/deepjazz
ncm2,https://github.com/ncm2/ncm2
keras-tuner,https://github.com/keras-team/keras-tuner
deep_rl_ale,https://github.com/Jabberwockyll/deep_rl_ale
you-get,https://github.com/soimort/you-get
Facial-Expression-Recognition.Pytorch,https://github.com/WuJie1010/Facial-Expression-Recognition.Pytorch
CLUE,https://github.com/CLUEbenchmark/CLUE
gita,https://github.com/nosarthur/gita
fast-autoaugment,https://github.com/kakaobrain/fast-autoaugment
altair,https://github.com/altair-viz/altair
training,https://github.com/mlperf/training
gif-for-cli,https://github.com/google/gif-for-cli
WeRoBot,https://github.com/offu/WeRoBot
prefect,https://github.com/PrefectHQ/prefect
djorm-ext-hstore,https://github.com/djangonauts/djorm-ext-hstore
jedi,https://github.com/davidhalter/jedi
pkuseg-python,https://github.com/lancopku/pkuseg-python
pipenv,https://github.com/pypa/pipenv
psutil,https://github.com/giampaolo/psutil
BERT-BiLSTM-CRF-NER,https://github.com/macanv/BERT-BiLSTM-CRF-NER
word_cloud,https://github.com/amueller/word_cloud
mycroft-core,https://github.com/MycroftAI/mycroft-core
molten,https://github.com/Bogdanp/molten
papermill,https://github.com/nteract/papermill
tensorflow-yolov3,https://github.com/YunYang1994/tensorflow-yolov3
powerline,https://github.com/powerline/powerline
saws,https://github.com/donnemartin/saws
corona,https://github.com/geohot/corona
BERT-keras,https://github.com/Separius/BERT-keras
leetcode-python,https://github.com/wuduhren/leetcode-python
lingvo,https://github.com/tensorflow/lingvo
chardet,https://github.com/chardet/chardet
disentanglement_lib,https://github.com/google-research/disentanglement_lib
monkey,https://github.com/guardicore/monkey
VideoPose3D,https://github.com/facebookresearch/VideoPose3D
python-small-examples,https://github.com/jackzhenguo/python-small-examples
spiderfoot,https://github.com/smicallef/spiderfoot
ibis,https://github.com/ibis-project/ibis
char-rnn-tensorflow,https://github.com/sherjilozair/char-rnn-tensorflow
SSRSpeed,https://github.com/NyanChanMeow/SSRSpeed
DeepPrivacy,https://github.com/hukkelas/DeepPrivacy
flask-sqlalchemy,https://github.com/pallets/flask-sqlalchemy
plotly.py,https://github.com/plotly/plotly.py
awesome-semantic-segmentation-pytorch,https://github.com/Tramac/awesome-semantic-segmentation-pytorch
eht-imaging,https://github.com/achael/eht-imaging
coala,https://github.com/coala/coala
DrQA,https://github.com/facebookresearch/DrQA
SimpleCoin,https://github.com/cosme12/SimpleCoin
Chaos,https://github.com/jonnyhyman/Chaos
pytest,https://github.com/pytest-dev/pytest
sqlmap,https://github.com/sqlmapproject/sqlmap
OpenSubtitles,https://github.com/AlJohri/OpenSubtitles
posthog,https://github.com/PostHog/posthog
avatarify,https://github.com/alievk/avatarify
onionshare,https://github.com/micahflee/onionshare
DAIN,https://github.com/baowenbo/DAIN
CodingInterviews,https://github.com/jayshah19949596/CodingInterviews
thefuck,https://github.com/nvbn/thefuck
rlkit,https://github.com/vitchyr/rlkit
WeixinBot,https://github.com/Urinx/WeixinBot
wavegan,https://github.com/chrisdonahue/wavegan
neural-structured-learning,https://github.com/tensorflow/neural-structured-learning
kinto,https://github.com/Kinto/kinto
30-Days-Of-Python,https://github.com/Asabeneh/30-Days-Of-Python
SickZil-Machine,https://github.com/KUR-creative/SickZil-Machine
skorch,https://github.com/skorch-dev/skorch
robosat,https://github.com/mapbox/robosat
curator,https://github.com/elastic/curator
naacl_transfer_learning_tutorial,https://github.com/huggingface/naacl_transfer_learning_tutorial
WaveRNN,https://github.com/fatchord/WaveRNN
python-fire,https://github.com/google/python-fire
BERT-NER,https://github.com/kyzhouhzau/BERT-NER
FreeAnchor,https://github.com/zhangxiaosong18/FreeAnchor
gevent,https://github.com/gevent/gevent
video2x,https://github.com/k4yt3x/video2x
pytorch-toolbelt,https://github.com/BloodAxe/pytorch-toolbelt
KubeOperator,https://github.com/KubeOperator/KubeOperator
Chinese-Text-Classification-Pytorch,https://github.com/649453932/Chinese-Text-Classification-Pytorch
DeepLearningTutorials,https://github.com/lisa-lab/DeepLearningTutorials
autopep8,https://github.com/hhatto/autopep8
have-fun-with-machine-learning,https://github.com/humphd/have-fun-with-machine-learning
ESD,https://github.com/FeeiCN/ESD
fuxi,https://github.com/jeffzh3ng/fuxi
docker-registry,https://github.com/docker-archive/docker-registry
mmsr,https://github.com/open-mmlab/mmsr
RxPY,https://github.com/ReactiveX/RxPY
hiddenlayer,https://github.com/waleedka/hiddenlayer
conda,https://github.com/conda/conda
itchatmp,https://github.com/littlecodersh/itchatmp
XX-Net,https://github.com/XX-net/XX-Net
xlnet,https://github.com/zihangdai/xlnet
pelican,https://github.com/getpelican/pelican
automagica,https://github.com/automagica/automagica
optuna,https://github.com/optuna/optuna
pytorch-openai-transformer-lm,https://github.com/huggingface/pytorch-openai-transformer-lm
Attention-Gated-Networks,https://github.com/ozan-oktay/Attention-Gated-Networks
datasette,https://github.com/simonw/datasette
neuraltalk,https://github.com/karpathy/neuraltalk
q,https://github.com/harelba/q
cfn-python-lint,https://github.com/aws-cloudformation/cfn-python-lint
amemv-crawler,https://github.com/loadchange/amemv-crawler
storm,https://github.com/emre/storm
transparent_latent_gan,https://github.com/SummitKwan/transparent_latent_gan
pytube,https://github.com/nficano/pytube
biobert,https://github.com/dmis-lab/biobert
uvloop,https://github.com/MagicStack/uvloop
pytorch-image-models,https://github.com/rwightman/pytorch-image-models
SegLoss,https://github.com/JunMa11/SegLoss
searx,https://github.com/asciimoo/searx
chinese_ocr,https://github.com/YCG09/chinese_ocr
googler,https://github.com/jarun/googler
ENAS-pytorch,https://github.com/carpedm20/ENAS-pytorch
django-filter,https://github.com/carltongibson/django-filter
sg2im,https://github.com/google/sg2im
thumbor,https://github.com/thumbor/thumbor
stumpy,https://github.com/TDAmeritrade/stumpy
tensorflow_models_learning,https://github.com/PanJinquan/tensorflow_models_learning
favorite-link,https://github.com/guanguans/favorite-link
tfx,https://github.com/tensorflow/tfx
kafka-python,https://github.com/dpkp/kafka-python
shadowsocksr,https://github.com/shadowsocksr-backup/shadowsocksr
mmdetection,https://github.com/open-mmlab/mmdetection
PlainTasks,https://github.com/aziz/PlainTasks
jax,https://github.com/google/jax
Sublime-JSHint,https://github.com/victorporof/Sublime-JSHint
iGAN,https://github.com/junyanz/iGAN
spaCy,https://github.com/explosion/spaCy
neon,https://github.com/NervanaSystems/neon
zipline,https://github.com/quantopian/zipline
deep_sort_yolov3,https://github.com/Qidian213/deep_sort_yolov3
VIBE,https://github.com/mkocabas/VIBE
policy_sentry,https://github.com/salesforce/policy_sentry
BentoML,https://github.com/bentoml/BentoML
flashtext,https://github.com/vi3k6i5/flashtext
torchdiffeq,https://github.com/rtqichen/torchdiffeq
fastapi,https://github.com/tiangolo/fastapi
boto,https://github.com/boto/boto
aiortc,https://github.com/aiortc/aiortc
percol,https://github.com/mooz/percol
dingdang-robot,https://github.com/dingdang-robot/dingdang-robot
certbot-letencrypt-wildcardcertificates-alydns-au,https://github.com/ywdblog/certbot-letencrypt-wildcardcertificates-alydns-au
python-spider,https://github.com/Jack-Cherish/python-spider
Real-Time-Voice-Cloning,https://github.com/CorentinJ/Real-Time-Voice-Cloning
mtprotoproxy,https://github.com/alexbers/mtprotoproxy
deepfakes,https://github.com/llSourcell/deepfakes
garage,https://github.com/rlworkgroup/garage
rasa,https://github.com/RasaHQ/rasa
lda2vec,https://github.com/cemoody/lda2vec
MonkeyType,https://github.com/Instagram/MonkeyType
tutorials,https://github.com/MorvanZhou/tutorials
d2l-zh,https://github.com/d2l-ai/d2l-zh
autogluon,https://github.com/awslabs/autogluon
apex,https://github.com/NVIDIA/apex
DEXTR-PyTorch,https://github.com/scaelles/DEXTR-PyTorch
aws-serverless-airline-booking,https://github.com/aws-samples/aws-serverless-airline-booking
csvkit,https://github.com/wireservice/csvkit
SogouMRCToolkit,https://github.com/sogou/SogouMRCToolkit
deep-visualization-toolbox,https://github.com/yosinski/deep-visualization-toolbox
vpn-at-home,https://github.com/ezaquarii/vpn-at-home
learn-python,https://github.com/trekhleb/learn-python
datasets,https://github.com/tensorflow/datasets
Mask_RCNN,https://github.com/matterport/Mask_RCNN
wuy,https://github.com/manatlan/wuy
geopy,https://github.com/geopy/geopy
PyTorch-GAN,https://github.com/eriklindernoren/PyTorch-GAN
core,https://github.com/home-assistant/core
tensorflow-yolo-v3,https://github.com/mystic123/tensorflow-yolo-v3
pytorch_GAN_zoo,https://github.com/facebookresearch/pytorch_GAN_zoo
meshroom,https://github.com/alicevision/meshroom
RecSys2019_DeepLearning_Evaluation,https://github.com/MaurizioFD/RecSys2019_DeepLearning_Evaluation
quokka_ng,https://github.com/rochacbruno-archive/quokka_ng
python-nubia,https://github.com/facebookincubator/python-nubia
tensorlayer,https://github.com/tensorlayer/tensorlayer
xUnique,https://github.com/truebit/xUnique
netflix-proxy,https://github.com/ab77/netflix-proxy
proselint,https://github.com/amperser/proselint
proxylessnas,https://github.com/mit-han-lab/proxylessnas
litecli,https://github.com/dbcli/litecli
Deep-Flow-Guided-Video-Inpainting,https://github.com/nbei/Deep-Flow-Guided-Video-Inpainting
arc4nix,https://github.com/striges/arc4nix
wechat-alfred-workflow,https://github.com/TKkk-iOSer/wechat-alfred-workflow
mkdocs,https://github.com/mkdocs/mkdocs
Sick-Beard,https://github.com/midgetspy/Sick-Beard
yapf,https://github.com/google/yapf
convnet-benchmarks,https://github.com/soumith/convnet-benchmarks
Flask-AppBuilder,https://github.com/dpgaspar/Flask-AppBuilder
graph-cli,https://github.com/mcastorina/graph-cli
DeepSpeed,https://github.com/microsoft/DeepSpeed
faust,https://github.com/robinhood/faust
vimspector,https://github.com/puremourning/vimspector
AmpliGraph,https://github.com/Accenture/AmpliGraph
Resemblyzer,https://github.com/resemble-ai/Resemblyzer
falcon,https://github.com/falconry/falcon
microk8s,https://github.com/ubuntu/microk8s
pytorch-ssd,https://github.com/qfgaohao/pytorch-ssd
tensor2tensor,https://github.com/tensorflow/tensor2tensor
portia,https://github.com/scrapinghub/portia
serverless-application-model,https://github.com/awslabs/serverless-application-model
huxley,https://github.com/facebookarchive/huxley
DevilYuan,https://github.com/moyuanz/DevilYuan
updog,https://github.com/sc0tfree/updog
PI-REC,https://github.com/youyuge34/PI-REC
flamescope,https://github.com/Netflix/flamescope
rqalpha,https://github.com/ricequant/rqalpha
KG-demo-for-movie,https://github.com/SimmerChan/KG-demo-for-movie
tqsdk-python,https://github.com/shinnytech/tqsdk-python
quant-trading,https://github.com/je-suis-tm/quant-trading
PWC-Net,https://github.com/NVlabs/PWC-Net
segmentation_models,https://github.com/qubvel/segmentation_models
GPT2,https://github.com/ConnorJL/GPT2
python-social-auth,https://github.com/omab/python-social-auth
golem,https://github.com/golemfactory/golem
Python-100-Days,https://github.com/ZiniuLu/Python-100-Days
MinkowskiEngine,https://github.com/StanfordVL/MinkowskiEngine
transitions,https://github.com/pytransitions/transitions
pdfminer,https://github.com/euske/pdfminer
django-rest-framework-jwt,https://github.com/jpadilla/django-rest-framework-jwt
w3af,https://github.com/andresriancho/w3af
MITMf,https://github.com/byt3bl33d3r/MITMf
autograd,https://github.com/HIPS/autograd
interpy-zh,https://github.com/eastlakeside/interpy-zh
stellargraph,https://github.com/stellargraph/stellargraph
Jiagu,https://github.com/ownthink/Jiagu
ImageAI,https://github.com/OlafenwaMoses/ImageAI
face_recognition,https://github.com/ageitgey/face_recognition
haipproxy,https://github.com/SpiderClub/haipproxy
DeepCTR,https://github.com/shenweichen/DeepCTR
faster-rcnn.pytorch,https://github.com/jwyang/faster-rcnn.pytorch
ptpython,https://github.com/prompt-toolkit/ptpython
Towards-Realtime-MOT,https://github.com/Zhongdao/Towards-Realtime-MOT
fpn.pytorch,https://github.com/jwyang/fpn.pytorch
arxiv-latex-cleaner,https://github.com/google-research/arxiv-latex-cleaner
bsuite,https://github.com/deepmind/bsuite
pip,https://github.com/pypa/pip
magenta,https://github.com/tensorflow/magenta
kivy,https://github.com/kivy/kivy
LatticeLSTM,https://github.com/jiesutd/LatticeLSTM
open_nsfw,https://github.com/yahoo/open_nsfw
ML-From-Scratch,https://github.com/eriklindernoren/ML-From-Scratch
tushare,https://github.com/waditu/tushare
pytorch-semseg,https://github.com/meetshah1995/pytorch-semseg
bigchaindb,https://github.com/bigchaindb/bigchaindb
molecule,https://github.com/ansible-community/molecule
MB-Lab,https://github.com/animate1978/MB-Lab
pytheory,https://github.com/Zelgius/pytheory
elastalert,https://github.com/Yelp/elastalert
trax,https://github.com/google/trax
trfl,https://github.com/deepmind/trfl
python-telegram-bot,https://github.com/python-telegram-bot/python-telegram-bot
instagram-scraper,https://github.com/realsirjoe/instagram-scraper
noise2noise,https://github.com/NVlabs/noise2noise
dirhunt,https://github.com/Nekmo/dirhunt
django,https://github.com/django/django
visdom,https://github.com/facebookresearch/visdom
sclack,https://github.com/haskellcamargo/sclack
deepgaze,https://github.com/mpatacchiola/deepgaze
facenet,https://github.com/davidsandberg/facenet
pytorch-retinanet,https://github.com/yhenon/pytorch-retinanet
Middleware-Vulnerability-detection,https://github.com/mai-lang-chai/Middleware-Vulnerability-detection
supersqlite,https://github.com/plasticityai/supersqlite
CHINESE-OCR,https://github.com/xiaofengShi/CHINESE-OCR
music-dl,https://github.com/0xHJK/music-dl
http-prompt,https://github.com/eliangcs/http-prompt
pyston,https://github.com/dropbox/pyston
pytorch3d,https://github.com/facebookresearch/pytorch3d
pylama,https://github.com/klen/pylama
tensorflow-deeplab-v3-plus,https://github.com/rishizek/tensorflow-deeplab-v3-plus
click,https://github.com/pallets/click
pythia,https://github.com/facebookresearch/pythia
lutris,https://github.com/lutris/lutris
ntfy,https://github.com/dschep/ntfy
programming-talks,https://github.com/hellerve/programming-talks
moco,https://github.com/facebookresearch/moco
vibora,https://github.com/vibora-io/vibora
Crunch,https://github.com/chrissimpkins/Crunch
chainer,https://github.com/chainer/chainer
PyTorchZeroToAll,https://github.com/hunkim/PyTorchZeroToAll
pytorch-mask-rcnn,https://github.com/multimodallearning/pytorch-mask-rcnn
pytorch-lightning,https://github.com/PyTorchLightning/pytorch-lightning
nlp_xiaojiang,https://github.com/yongzhuo/nlp_xiaojiang
ethereum-etl,https://github.com/blockchain-etl/ethereum-etl
model-analysis,https://github.com/tensorflow/model-analysis
scikit-learn,https://github.com/scikit-learn/scikit-learn
voxelmorph,https://github.com/voxelmorph/voxelmorph
DumpsterFire,https://github.com/TryCatchHCF/DumpsterFire
spotify-downloader,https://github.com/ritiek/spotify-downloader
maskrcnn-benchmark,https://github.com/facebookresearch/maskrcnn-benchmark
AdvancedEAST,https://github.com/huoyijie/AdvancedEAST
WatchAD,https://github.com/0Kee-Team/WatchAD
keras-applications,https://github.com/keras-team/keras-applications
qiskit-terra,https://github.com/Qiskit/qiskit-terra
DB,https://github.com/MhLiao/DB
manim,https://github.com/3b1b/manim
dirsearch,https://github.com/maurosoria/dirsearch
GitPython,https://github.com/gitpython-developers/GitPython
apistar,https://github.com/encode/apistar
progressive_growing_of_gans,https://github.com/tkarras/progressive_growing_of_gans
blaze,https://github.com/blaze/blaze
automl-gs,https://github.com/minimaxir/automl-gs
anomaly-detection-resources,https://github.com/yzhao062/anomaly-detection-resources
pytracking,https://github.com/visionml/pytracking
kitty,https://github.com/kovidgoyal/kitty
starlette,https://github.com/encode/starlette
stylegan2,https://github.com/NVlabs/stylegan2
MatchZoo,https://github.com/NTMC-Community/MatchZoo
fuckitpy,https://github.com/ajalt/fuckitpy
gluon-ts,https://github.com/awslabs/gluon-ts
SASM,https://github.com/Dman95/SASM
plugin.video.netflix,https://github.com/CastagnaIT/plugin.video.netflix
clusterfuzz,https://github.com/google/clusterfuzz
impersonator,https://github.com/svip-lab/impersonator
ffmpeg-python,https://github.com/kkroening/ffmpeg-python
Anti-Anti-Spider,https://github.com/luyishisi/Anti-Anti-Spider
sync-engine,https://github.com/nylas/sync-engine
instagan,https://github.com/sangwoomo/instagan
hydra,https://github.com/facebookresearch/hydra
snorkel,https://github.com/snorkel-team/snorkel
segmentation_models.pytorch,https://github.com/qubvel/segmentation_models.pytorch
pointnet,https://github.com/charlesq34/pointnet
jd-assistant,https://github.com/tychxn/jd-assistant
celeb-detection-oss,https://github.com/Giphy/celeb-detection-oss
VueDjangoFrameWorkShop,https://github.com/mtianyan/VueDjangoFrameWorkShop
scylla,https://github.com/imWildCat/scylla
dagster,https://github.com/dagster-io/dagster
sublime-text-git,https://github.com/kemayo/sublime-text-git
plasma,https://github.com/plasma-disassembler/plasma
django-socialnews,https://github.com/agiliq/django-socialnews
fast-bert,https://github.com/kaushaltrivedi/fast-bert
redis-rdb-tools,https://github.com/sripathikrishnan/redis-rdb-tools
grover,https://github.com/rowanz/grover
multi-agent-emergence-environments,https://github.com/openai/multi-agent-emergence-environments
WEASEL,https://github.com/facebookincubator/WEASEL
leapcast,https://github.com/dz0ny/leapcast
alpr-unconstrained,https://github.com/sergiomsilva/alpr-unconstrained
Detectron,https://github.com/facebookresearch/Detectron
meson,https://github.com/mesonbuild/meson
LightNet,https://github.com/ansleliu/LightNet
packtpub-crawler,https://github.com/niqdev/packtpub-crawler
autokeras,https://github.com/keras-team/autokeras
DeDRM_tools,https://github.com/apprenticeharper/DeDRM_tools
Archery,https://github.com/hhyo/Archery
fast-rcnn,https://github.com/rbgirshick/fast-rcnn
knowledge-distillation-pytorch,https://github.com/peterliht/knowledge-distillation-pytorch
iScript,https://github.com/PeterDing/iScript
PyTorch-NLP,https://github.com/PetrochukM/PyTorch-NLP
jet-bridge,https://github.com/jet-admin/jet-bridge
mimesis,https://github.com/lk-geimfari/mimesis
ambassador,https://github.com/datawire/ambassador
dowhy,https://github.com/microsoft/dowhy
spektral,https://github.com/danielegrattarola/spektral
cakechat,https://github.com/lukalabs/cakechat
pytradfri,https://github.com/ggravlingen/pytradfri
antialiased-cnns,https://github.com/adobe/antialiased-cnns
morph-net,https://github.com/google-research/morph-net
eth2.0-specs,https://github.com/ethereum/eth2.0-specs
jukebox,https://github.com/openai/jukebox
aiogram,https://github.com/aiogram/aiogram
httpbin,https://github.com/postmanlabs/httpbin
c9-python-getting-started,https://github.com/microsoft/c9-python-getting-started
bert,https://github.com/google-research/bert
EfficientNet-PyTorch,https://github.com/lukemelas/EfficientNet-PyTorch
elephas,https://github.com/maxpumperla/elephas
jdBuyMask,https://github.com/cycz/jdBuyMask
sphinx,https://github.com/sphinx-doc/sphinx
textfsm,https://github.com/google/textfsm
cvat,https://github.com/opencv/cvat
XSStrike,https://github.com/s0md3v/XSStrike
interactive-coding-challenges,https://github.com/donnemartin/interactive-coding-challenges
vaex,https://github.com/vaexio/vaex
delta,https://github.com/didi/delta
PRNet,https://github.com/YadiraF/PRNet
fail2ban,https://github.com/fail2ban/fail2ban
umap,https://github.com/lmcinnes/umap
PyGithub,https://github.com/PyGithub/PyGithub
elasticsearch-py,https://github.com/elastic/elasticsearch-py
pyforest,https://github.com/8080labs/pyforest
pwndbg,https://github.com/pwndbg/pwndbg
zerorpc-python,https://github.com/0rpc/zerorpc-python
listen1,https://github.com/listen1/listen1
sshuttle,https://github.com/apenwarr/sshuttle
recon-ng,https://github.com/lanmaster53/recon-ng
tensortrade,https://github.com/tensortrade-org/tensortrade
coding-problems,https://github.com/MTrajK/coding-problems
simpletransformers,https://github.com/ThilinaRajapakse/simpletransformers
VMZ,https://github.com/facebookresearch/VMZ
sh,https://github.com/amoffat/sh
AttnGAN,https://github.com/taoxugit/AttnGAN
pytorch-kaldi,https://github.com/mravanelli/pytorch-kaldi
spacy-course,https://github.com/ines/spacy-course
TensorFlowOnSpark,https://github.com/yahoo/TensorFlowOnSpark
amazon-scraper-python,https://github.com/tducret/amazon-scraper-python
nonoCAPTCHA,https://github.com/mikeyy/nonoCAPTCHA
glances,https://github.com/nicolargo/glances
brainstorm,https://github.com/IDSIA/brainstorm
DeepRec,https://github.com/cheungdaven/DeepRec
splash,https://github.com/scrapinghub/splash
ASFF,https://github.com/ruinmessi/ASFF
openpose-plus,https://github.com/tensorlayer/openpose-plus
Synonyms,https://github.com/huyingxi/Synonyms
seaborn,https://github.com/mwaskom/seaborn
InstaPy,https://github.com/timgrossmann/InstaPy
AdelaiDet,https://github.com/aim-uofa/AdelaiDet
jupyter-book,https://github.com/executablebooks/jupyter-book
ludwig,https://github.com/uber/ludwig
deepin-wine,https://github.com/zq1997/deepin-wine
nltk,https://github.com/nltk/nltk
iredis,https://github.com/laixintao/iredis
quantum,https://github.com/tensorflow/quantum
privacy,https://github.com/tensorflow/privacy
sha-rnn,https://github.com/Smerity/sha-rnn
sentry-python,https://github.com/getsentry/sentry-python
DeepVideoAnalytics,https://github.com/AKSHAYUBHAT/DeepVideoAnalytics
TecoGAN,https://github.com/thunil/TecoGAN
glom,https://github.com/mahmoud/glom
bert_language_understanding,https://github.com/brightmart/bert_language_understanding
pytorch-tutorial,https://github.com/yunjey/pytorch-tutorial
activitywatch,https://github.com/ActivityWatch/activitywatch
GANimation,https://github.com/albertpumarola/GANimation
angr,https://github.com/angr/angr
ddsp,https://github.com/magenta/ddsp
edx-platform,https://github.com/edx/edx-platform
flask-mongoengine,https://github.com/MongoEngine/flask-mongoengine
SublimeCodeIntel,https://github.com/SublimeCodeIntel/SublimeCodeIntel
beets,https://github.com/beetbox/beets
mitmproxy,https://github.com/mitmproxy/mitmproxy
Machine-Learning-Yearning-Vietnamese-Translation,https://github.com/aivivn/Machine-Learning-Yearning-Vietnamese-Translation
ShadowSocksShare,https://github.com/the0demiurge/ShadowSocksShare
maskscoring_rcnn,https://github.com/zjhuang22/maskscoring_rcnn
tablib,https://github.com/jazzband/tablib
Surprise,https://github.com/NicolasHug/Surprise
DBFace,https://github.com/dlunion/DBFace
skflow,https://github.com/tensorflow/skflow
incubator-superset,https://github.com/apache/incubator-superset
robobrowser,https://github.com/jmcarp/robobrowser
graphene,https://github.com/graphql-python/graphene
mathematics_dataset,https://github.com/deepmind/mathematics_dataset
iOS-Universal-Framework,https://github.com/kstenerud/iOS-Universal-Framework
Relation-Networks-for-Object-Detection,https://github.com/msracver/Relation-Networks-for-Object-Detection
caffe-tensorflow,https://github.com/ethereon/caffe-tensorflow
DetectAndTrack,https://github.com/facebookresearch/DetectAndTrack
mackup,https://github.com/lra/mackup
statsmodels,https://github.com/statsmodels/statsmodels
icecream,https://github.com/gruns/icecream
football,https://github.com/google-research/football
ObstructionRemoval,https://github.com/alex04072000/ObstructionRemoval
twint,https://github.com/twintproject/twint
shadowsocksr-speed,https://github.com/mobier/shadowsocksr-speed
Stream-Framework,https://github.com/tschellenbach/Stream-Framework
Lasagne,https://github.com/Lasagne/Lasagne
Gooey,https://github.com/chriskiehl/Gooey
Self-Attention-GAN,https://github.com/heykeetae/Self-Attention-GAN
deep-person-reid,https://github.com/KaiyangZhou/deep-person-reid
Legofy,https://github.com/JuanPotato/Legofy
esptool,https://github.com/espressif/esptool
gunicorn,https://github.com/benoitc/gunicorn
Terminus,https://github.com/randy3k/Terminus
PySnooper,https://github.com/cool-RR/PySnooper
Deep-Reinforcement-Learning-Hands-On,https://github.com/PacktPublishing/Deep-Reinforcement-Learning-Hands-On
livestreamer,https://github.com/chrippa/livestreamer
urh,https://github.com/jopohl/urh
Machine_Learning_Study_Path,https://github.com/linxid/Machine_Learning_Study_Path
formspree,https://github.com/formspree/formspree
webcam-pulse-detector,https://github.com/thearn/webcam-pulse-detector
conan,https://github.com/conan-io/conan
Gist,https://github.com/condemil/Gist
integration,https://github.com/hacs/integration
AlphaPose,https://github.com/MVIG-SJTU/AlphaPose
legit,https://github.com/frostming/legit
wal-e,https://github.com/wal-e/wal-e
pytext,https://github.com/facebookresearch/pytext
tf_ner,https://github.com/guillaumegenthial/tf_ner
s2cnn,https://github.com/jonas-koehler/s2cnn
mujoco-py,https://github.com/openai/mujoco-py
wfuzz,https://github.com/xmendez/wfuzz
OctoPrint,https://github.com/foosel/OctoPrint
TensorFlow-Object-Detection-API-Tutorial-Train-Multiple-Objects-Windows-10,https://github.com/EdjeElectronics/TensorFlow-Object-Detection-API-Tutorial-Train-Multiple-Objects-Windows-10
boltons,https://github.com/mahmoud/boltons
webpy,https://github.com/webpy/webpy
fklearn,https://github.com/nubank/fklearn
reddit,https://github.com/reddit-archive/reddit
AutoDL-Projects,https://github.com/D-X-Y/AutoDL-Projects
tensorboardX,https://github.com/lanpa/tensorboardX
ERNIE,https://github.com/PaddlePaddle/ERNIE
requests3,https://github.com/kennethreitz-archive/requests3
beeswithmachineguns,https://github.com/newsapps/beeswithmachineguns
person-blocker,https://github.com/minimaxir/person-blocker
python-diskcache,https://github.com/grantjenks/python-diskcache
deap,https://github.com/DEAP/deap
pylint,https://github.com/PyCQA/pylint
opendevops,https://github.com/opendevops-cn/opendevops
magnitude,https://github.com/plasticityai/magnitude
stronghold,https://github.com/alichtman/stronghold
BayesianOptimization,https://github.com/fmfn/BayesianOptimization
AI_Challenger_2018,https://github.com/AIChallenger/AI_Challenger_2018
kamerka,https://github.com/woj-ciech/kamerka
pygta5,https://github.com/Sentdex/pygta5
toolz,https://github.com/pytoolz/toolz
sherlock,https://github.com/sherlock-project/sherlock
QUANTAXIS,https://github.com/QUANTAXIS/QUANTAXIS
Reptile,https://github.com/librauee/Reptile
flask-restful,https://github.com/flask-restful/flask-restful
abseil-py,https://github.com/abseil/abseil-py
SiamMask,https://github.com/foolwood/SiamMask
Detectron.pytorch,https://github.com/roytseng-tw/Detectron.pytorch
mopidy,https://github.com/mopidy/mopidy
ObjectDetection-OneStageDet,https://github.com/TencentYoutuResearch/ObjectDetection-OneStageDet
augmented-traffic-control,https://github.com/facebookarchive/augmented-traffic-control
albert_zh,https://github.com/brightmart/albert_zh
AutoSploit,https://github.com/NullArray/AutoSploit
doccano,https://github.com/doccano/doccano
CelebAMask-HQ,https://github.com/switchablenorms/CelebAMask-HQ
pre-commit,https://github.com/pre-commit/pre-commit
BasicSR,https://github.com/xinntao/BasicSR
nlp-architect,https://github.com/NervanaSystems/nlp-architect
flower,https://github.com/mher/flower
ray,https://github.com/ray-project/ray
securedrop,https://github.com/freedomofpress/securedrop
Sublist3r,https://github.com/aboul3la/Sublist3r
me_cleaner,https://github.com/corna/me_cleaner
pretrained-models.pytorch,https://github.com/Cadene/pretrained-models.pytorch
keras-retinanet,https://github.com/fizyr/keras-retinanet
WechatSogou,https://github.com/chyroc/WechatSogou
magic-wormhole,https://github.com/warner/magic-wormhole
hyperopt,https://github.com/hyperopt/hyperopt
fabric,https://github.com/fabric/fabric
localstack,https://github.com/localstack/localstack
qqbot,https://github.com/pandolia/qqbot
camelot,https://github.com/atlanhq/camelot
backtrader,https://github.com/mementum/backtrader
ChatBotCourse,https://github.com/warmheartli/ChatBotCourse
jupytext,https://github.com/mwouts/jupytext
GAT,https://github.com/PetarV-/GAT
Pokemon-Terminal,https://github.com/LazoCoder/Pokemon-Terminal
apprise,https://github.com/caronc/apprise
transformers,https://github.com/huggingface/transformers
YOLOv3-model-pruning,https://github.com/Lam1360/YOLOv3-model-pruning
dbxfs,https://github.com/rianhunter/dbxfs
yolact,https://github.com/dbolya/yolact
LaZagne,https://github.com/AlessandroZ/LaZagne
dlrm,https://github.com/facebookresearch/dlrm
testflight-module,https://github.com/fusion94/testflight-module
brython,https://github.com/brython-dev/brython
cupy,https://github.com/cupy/cupy
vyper,https://github.com/vyperlang/vyper
UER-py,https://github.com/dbiir/UER-py
Texygen,https://github.com/geek-ai/Texygen
schedule,https://github.com/dbader/schedule
tflearn,https://github.com/tflearn/tflearn
PySpace,https://github.com/HackerPoet/PySpace
sngan_projection,https://github.com/pfnet-research/sngan_projection
keras-vis,https://github.com/raghakot/keras-vis
deep-neuroevolution,https://github.com/uber-research/deep-neuroevolution
FATE,https://github.com/FederatedAI/FATE
ICCV2019-LearningToPaint,https://github.com/hzwer/ICCV2019-LearningToPaint
werkzeug,https://github.com/pallets/werkzeug
dnsrecon,https://github.com/darkoperator/dnsrecon
EDVR,https://github.com/xinntao/EDVR
panel,https://github.com/holoviz/panel
fsociety,https://github.com/Manisso/fsociety
gspread,https://github.com/burnash/gspread
python-prompt-toolkit,https://github.com/prompt-toolkit/python-prompt-toolkit
aswan,https://github.com/momosecurity/aswan
glue,https://github.com/jorgebastida/glue
DaSiamRPN,https://github.com/foolwood/DaSiamRPN
auto-sklearn,https://github.com/automl/auto-sklearn
DeepLabCut,https://github.com/AlexEMG/DeepLabCut
trains,https://github.com/allegroai/trains
jasper-client,https://github.com/jasperproject/jasper-client
python-twitter,https://github.com/bear/python-twitter
sympy,https://github.com/sympy/sympy
DjangoBlog,https://github.com/liangliangyy/DjangoBlog
scipy,https://github.com/scipy/scipy
text_classification,https://github.com/brightmart/text_classification
wechat_jump_game_iOS,https://github.com/yangyiLTS/wechat_jump_game_iOS
runMacOSinVirtualBox,https://github.com/AlexanderWillner/runMacOSinVirtualBox
watchdog,https://github.com/gorakhargosh/watchdog
py-web-search,https://github.com/rohithpr/py-web-search
efficientnet,https://github.com/qubvel/efficientnet
hypothesis,https://github.com/HypothesisWorks/hypothesis
httpx,https://github.com/encode/httpx
PerceptualSimilarity,https://github.com/richzhang/PerceptualSimilarity
apple_bleee,https://github.com/hexway/apple_bleee
tf-quant-finance,https://github.com/google/tf-quant-finance
scrapy,https://github.com/scrapy/scrapy
labelImg,https://github.com/tzutalin/labelImg
tf-cpn,https://github.com/chenyilun95/tf-cpn
torchgan,https://github.com/torchgan/torchgan
SinaSpider,https://github.com/LiuXingMing/SinaSpider
ansible,https://github.com/ansible/ansible
spacy-transformers,https://github.com/explosion/spacy-transformers
cola,https://github.com/qinxuye/cola
mycli,https://github.com/dbcli/mycli
tensorflow_object_counting_api,https://github.com/ahmetozlu/tensorflow_object_counting_api
srez,https://github.com/david-gpu/srez
simpledet,https://github.com/TuSimple/simpledet
attrs,https://github.com/python-attrs/attrs
setup.py,https://github.com/navdeep-G/setup.py
tensorflow-triplet-loss,https://github.com/omoindrot/tensorflow-triplet-loss
Chinese-XLNet,https://github.com/ymcui/Chinese-XLNet
Deep-Reinforcement-Learning-Algorithms-with-PyTorch,https://github.com/p-christ/Deep-Reinforcement-Learning-Algorithms-with-PyTorch
moto,https://github.com/spulec/moto
ansible-for-devops,https://github.com/geerlingguy/ansible-for-devops
androguard,https://github.com/androguard/androguard
hummingbot,https://github.com/CoinAlpha/hummingbot
wechat_jump_game,https://github.com/wangshub/wechat_jump_game
cpython,https://github.com/python/cpython
video-object-removal,https://github.com/zllrunning/video-object-removal
django-cors-headers,https://github.com/adamchainz/django-cors-headers
roboto,https://github.com/google/roboto
stackprinter,https://github.com/cknd/stackprinter
ajenti,https://github.com/ajenti/ajenti
spinningup,https://github.com/openai/spinningup
rtv,https://github.com/michael-lazar/rtv
DeepLearningExamples,https://github.com/NVIDIA/DeepLearningExamples
CapsNet-Tensorflow,https://github.com/naturomics/CapsNet-Tensorflow
trump2cash,https://github.com/maxbbraun/trump2cash
pyro,https://github.com/pyro-ppl/pyro
pymux,https://github.com/prompt-toolkit/pymux
graphics,https://github.com/tensorflow/graphics
asyncpg,https://github.com/MagicStack/asyncpg
bokeh,https://github.com/bokeh/bokeh
readthedocs.org,https://github.com/readthedocs/readthedocs.org
TensorNetwork,https://github.com/google/TensorNetwork
Reinforcement-learning-with-tensorflow,https://github.com/MorvanZhou/Reinforcement-learning-with-tensorflow
mps-youtube,https://github.com/mps-youtube/mps-youtube
PathPicker,https://github.com/facebook/PathPicker
livelossplot,https://github.com/stared/livelossplot
jupyter,https://github.com/jupyter/jupyter
kopf,https://github.com/zalando-incubator/kopf
lightfm,https://github.com/lyst/lightfm
graphene-django,https://github.com/graphql-python/graphene-django
knowledge-repo,https://github.com/airbnb/knowledge-repo
BigGAN-PyTorch,https://github.com/ajbrock/BigGAN-PyTorch
electra,https://github.com/google-research/electra
scrapydweb,https://github.com/my8100/scrapydweb
ssd.pytorch,https://github.com/amdegroot/ssd.pytorch
rq,https://github.com/rq/rq
imbalanced-learn,https://github.com/scikit-learn-contrib/imbalanced-learn
machine_learning_examples,https://github.com/lazyprogrammer/machine_learning_examples
captum,https://github.com/pytorch/captum
faker,https://github.com/joke2k/faker
kornia,https://github.com/kornia/kornia
Kashgari,https://github.com/BrikerMan/Kashgari
detectron2,https://github.com/facebookresearch/detectron2
rich,https://github.com/willmcgugan/rich
Lihang,https://github.com/SmirkCao/Lihang
pyinstaller,https://github.com/pyinstaller/pyinstaller
ckan,https://github.com/ckan/ckan
dgl,https://github.com/dmlc/dgl
mmf,https://github.com/facebookresearch/mmf
wifiphisher,https://github.com/wifiphisher/wifiphisher
deepcluster,https://github.com/facebookresearch/deepcluster
byteps,https://github.com/bytedance/byteps
random-network-distillation,https://github.com/openai/random-network-distillation
scrapy-redis,https://github.com/rmax/scrapy-redis
XLM,https://github.com/facebookresearch/XLM
coursera-dl,https://github.com/coursera-dl/coursera-dl
ggpy,https://github.com/yhat/ggpy
mlfinlab,https://github.com/hudson-and-thames/mlfinlab
simclr,https://github.com/google-research/simclr
django-widget-tweaks,https://github.com/jazzband/django-widget-tweaks
celery,https://github.com/celery/celery
opendrop,https://github.com/seemoo-lab/opendrop
osqa,https://github.com/dzone/osqa
TextBlob,https://github.com/sloria/TextBlob
SSD,https://github.com/lufficc/SSD
ranger,https://github.com/ranger/ranger
primer,https://github.com/Helpsypoo/primer
DeepFaceLab,https://github.com/iperov/DeepFaceLab
LASER,https://github.com/facebookresearch/LASER
Cactus,https://github.com/eudicots/Cactus
NewsBlur,https://github.com/samuelclay/NewsBlur
eve,https://github.com/pyeve/eve
mindsdb,https://github.com/mindsdb/mindsdb
video-nonlocal-net,https://github.com/facebookresearch/video-nonlocal-net
face.evoLVe.PyTorch,https://github.com/ZhaoJ9014/face.evoLVe.PyTorch
pygorithm,https://github.com/OmkarPathak/pygorithm
py12306,https://github.com/pjialin/py12306
node-gyp,https://github.com/nodejs/node-gyp
exodus,https://github.com/intoli/exodus
federated,https://github.com/tensorflow/federated
keras-preprocessing,https://github.com/keras-team/keras-preprocessing
theZoo,https://github.com/ytisf/theZoo
pyvmomi-community-samples,https://github.com/vmware/pyvmomi-community-samples
daily-coding-problem,https://github.com/vineetjohn/daily-coding-problem
SReC,https://github.com/caoscott/SReC
tornado,https://github.com/tornadoweb/tornado
kedro,https://github.com/quantumblacklabs/kedro
pyp,https://github.com/hauntsaninja/pyp
flask_jsondash,https://github.com/christabor/flask_jsondash
visidata,https://github.com/saulpw/visidata
home-assistant-config,https://github.com/frenck/home-assistant-config
django-th,https://github.com/push-things/django-th
insightface,https://github.com/deepinsight/insightface
algo,https://github.com/wangzheng0822/algo
prophet,https://github.com/facebook/prophet
wtfpython,https://github.com/satwikkansal/wtfpython
glTF-Blender-IO,https://github.com/KhronosGroup/glTF-Blender-IO
dupeguru,https://github.com/arsenetar/dupeguru
Osmedeus,https://github.com/j3ssie/Osmedeus
CMSeeK,https://github.com/Tuhinshubhra/CMSeeK
Lulu,https://github.com/iawia002/Lulu
coconut,https://github.com/evhub/coconut
vidgear,https://github.com/abhiTronix/vidgear
springer_free_books,https://github.com/alexgand/springer_free_books
TTS,https://github.com/mozilla/TTS
ScoutSuite,https://github.com/nccgroup/ScoutSuite
RPA-Python,https://github.com/tebelorg/RPA-Python
hvac,https://github.com/hvac/hvac
human-pose-estimation.pytorch,https://github.com/microsoft/human-pose-estimation.pytorch
MachineLearning,https://github.com/wepe/MachineLearning
avod,https://github.com/kujason/avod
zvt,https://github.com/zvtvz/zvt
chalice,https://github.com/aws/chalice
mkcast,https://github.com/tckmn/mkcast
wechat-deleted-friends,https://github.com/0x5e/wechat-deleted-friends
TrumpScript,https://github.com/samshadwell/TrumpScript
Fiona,https://github.com/Toblerity/Fiona
jsonschema,https://github.com/Julian/jsonschema
theMLbook,https://github.com/aburkov/theMLbook
ResNeSt,https://github.com/zhanghang1989/ResNeSt
mAP,https://github.com/Cartucho/mAP
mmaction,https://github.com/open-mmlab/mmaction
tensorpack,https://github.com/tensorpack/tensorpack
Det3D,https://github.com/poodarchu/Det3D
pyppeteer,https://github.com/miyakogi/pyppeteer
tf-pose-estimation,https://github.com/ildoonet/tf-pose-estimation
TorchSeg,https://github.com/ycszen/TorchSeg
sentry,https://github.com/getsentry/sentry
wagtail,https://github.com/wagtail/wagtail
nupic,https://github.com/numenta/nupic
PANet,https://github.com/ShuLiu1993/PANet
nlp-recipes,https://github.com/microsoft/nlp-recipes
jupyterhub,https://github.com/jupyterhub/jupyterhub
jrnl,https://github.com/jrnl-org/jrnl
folium,https://github.com/python-visualization/folium
BMW-TensorFlow-Training-GUI,https://github.com/BMW-InnovationLab/BMW-TensorFlow-Training-GUI
aiomultiprocess,https://github.com/omnilib/aiomultiprocess
security_monkey,https://github.com/Netflix/security_monkey
Advanced-Deep-Learning-with-Keras,https://github.com/PacktPublishing/Advanced-Deep-Learning-with-Keras
virtualenv,https://github.com/pypa/virtualenv
classification_models,https://github.com/qubvel/classification_models
coronavirus-tracker-api,https://github.com/ExpDev07/coronavirus-tracker-api
temporal-shift-module,https://github.com/mit-han-lab/temporal-shift-module
impacket,https://github.com/SecureAuthCorp/impacket
ChatterBot,https://github.com/gunthercox/ChatterBot
cowrie,https://github.com/cowrie/cowrie
Games,https://github.com/CharlesPikachu/Games
Mailpile,https://github.com/mailpile/Mailpile
pytorch_geometric,https://github.com/rusty1s/pytorch_geometric
tensorforce,https://github.com/tensorforce/tensorforce
pytorch-meta,https://github.com/tristandeleu/pytorch-meta
iOS-private-api-checker,https://github.com/NetEaseGame/iOS-private-api-checker
Telethon,https://github.com/LonamiWebs/Telethon
instagram-terminal-news-feed,https://github.com/instagrambot/instagram-terminal-news-feed
pylearn2,https://github.com/lisa-lab/pylearn2
elasticsearch-dsl-py,https://github.com/elastic/elasticsearch-dsl-py
OpenNMT-py,https://github.com/OpenNMT/OpenNMT-py
lbry-sdk,https://github.com/lbryio/lbry-sdk
captcha_trainer,https://github.com/kerlomz/captcha_trainer
FastPhotoStyle,https://github.com/NVIDIA/FastPhotoStyle
social_mapper,https://github.com/Greenwolf/social_mapper
AIF360,https://github.com/IBM/AIF360
websockets,https://github.com/aaugustin/websockets
Awesome-WAF,https://github.com/0xInfection/Awesome-WAF
OCNet.pytorch,https://github.com/openseg-group/OCNet.pytorch
matplotlib,https://github.com/matplotlib/matplotlib
explainshell,https://github.com/idank/explainshell
notion-py,https://github.com/jamalex/notion-py
maya,https://github.com/timofurrer/maya
PokemonGo-Bot,https://github.com/PokemonGoF/PokemonGo-Bot
pycls,https://github.com/facebookresearch/pycls
nevergrad,https://github.com/facebookresearch/nevergrad
rainbowstream,https://github.com/orakaro/rainbowstream
MUNIT,https://github.com/NVlabs/MUNIT
EfficientDet,https://github.com/xuannianz/EfficientDet
howmanypeoplearearound,https://github.com/schollz/howmanypeoplearearound
StarsAndClown,https://github.com/zhaoolee/StarsAndClown
Mask-RCNN,https://github.com/wannabeOG/Mask-RCNN
Flashlight,https://github.com/nate-parrott/Flashlight
mlxtend,https://github.com/rasbt/mlxtend
faceswap,https://github.com/deepfakes/faceswap
agents,https://github.com/tensorflow/agents
TIDoS-Framework,https://github.com/0xInfection/TIDoS-Framework
django-allauth,https://github.com/pennersr/django-allauth
erpnext,https://github.com/frappe/erpnext
django-cachalot,https://github.com/noripyt/django-cachalot
HRNet-Semantic-Segmentation,https://github.com/HRNet/HRNet-Semantic-Segmentation
snips-nlu,https://github.com/snipsco/snips-nlu
glow,https://github.com/openai/glow
django-debug-toolbar,https://github.com/jazzband/django-debug-toolbar
Deep-reinforcement-learning-with-pytorch,https://github.com/sweetice/Deep-reinforcement-learning-with-pytorch
hy,https://github.com/hylang/hy
cnnimageretrieval-pytorch,https://github.com/filipradenovic/cnnimageretrieval-pytorch
python-oauth2,https://github.com/joestump/python-oauth2
selenium-python-helium,https://github.com/mherrmann/selenium-python-helium
ml-agents,https://github.com/Unity-Technologies/ml-agents
gluon-nlp,https://github.com/dmlc/gluon-nlp
robotframework,https://github.com/robotframework/robotframework
PySyft,https://github.com/OpenMined/PySyft
airflow,https://github.com/apache/airflow
aws-shell,https://github.com/awslabs/aws-shell
streamlit,https://github.com/streamlit/streamlit
musicbox,https://github.com/darknessomi/musicbox
Zappa,https://github.com/Miserlou/Zappa
pacu,https://github.com/RhinoSecurityLabs/pacu
podman-compose,https://github.com/containers/podman-compose
tensorflow_practice,https://github.com/princewen/tensorflow_practice
second.pytorch,https://github.com/traveller59/second.pytorch
aws-cli,https://github.com/aws/aws-cli
bitcoinbook,https://github.com/bitcoinbook/bitcoinbook
networkx,https://github.com/networkx/networkx
beagle,https://github.com/yampelo/beagle
botflow,https://github.com/kkyon/botflow
examples,https://github.com/pytorch/examples
COVID-Net,https://github.com/lindawangg/COVID-Net
neural-style,https://github.com/anishathalye/neural-style
django-userena,https://github.com/bread-and-pepper/django-userena
nnUNet,https://github.com/MIC-DKFZ/nnUNet
nginx-book,https://github.com/taobao/nginx-book
spyder,https://github.com/spyder-ide/spyder
Flask-SocketIO,https://github.com/miguelgrinberg/Flask-SocketIO
m2cgen,https://github.com/BayesWitnesses/m2cgen
throttled,https://github.com/erpalma/throttled
persepolis,https://github.com/persepolisdm/persepolis
A-Light-and-Fast-Face-Detector-for-Edge-Devices,https://github.com/YonghaoHe/A-Light-and-Fast-Face-Detector-for-Edge-Devices
gmvault,https://github.com/gaubert/gmvault
abu,https://github.com/bbfamily/abu
curio,https://github.com/dabeaz/curio
qiling,https://github.com/qilingframework/qiling
nightmare,https://github.com/guyinatuxedo/nightmare
pattern,https://github.com/clips/pattern
PythonSpiderNotes,https://github.com/lining0806/PythonSpiderNotes
python-cookbook,https://github.com/dabeaz/python-cookbook
keras-yolo3,https://github.com/qqwweee/keras-yolo3
dotbot,https://github.com/anishathalye/dotbot
routersploit,https://github.com/threat9/routersploit
poetry,https://github.com/python-poetry/poetry
howdy,https://github.com/boltgolt/howdy
espresso,https://github.com/freewym/espresso
fusee-launcher,https://github.com/Qyriad/fusee-launcher
zero,https://github.com/KonstantinSchubert/zero
fn.py,https://github.com/kachayev/fn.py
tencent-ml-images,https://github.com/Tencent/tencent-ml-images
powerline-shell,https://github.com/b-ryan/powerline-shell
_old_vespene,https://github.com/vespene-io/_old_vespene
d3py,https://github.com/mikedewar/d3py
xonsh,https://github.com/xonsh/xonsh
pymc3,https://github.com/pymc-devs/pymc3
FairMOT,https://github.com/ifzhang/FairMOT
inter,https://github.com/rsms/inter
nogotofail,https://github.com/google/nogotofail
Minecraft,https://github.com/fogleman/Minecraft
blade-build,https://github.com/chen3feng/blade-build
DANet,https://github.com/junfu1115/DANet
byob,https://github.com/malwaredllc/byob
CleverCSV,https://github.com/alan-turing-institute/CleverCSV
distribute_crawler,https://github.com/gnemoug/distribute_crawler
bottle,https://github.com/bottlepy/bottle
ptf,https://github.com/trustedsec/ptf
Home-AssistantConfig,https://github.com/CCOSTAN/Home-AssistantConfig
gin-config,https://github.com/google/gin-config
sovereign,https://github.com/sovereign/sovereign
diff-match-patch,https://github.com/google/diff-match-patch
universe,https://github.com/openai/universe
tinydb,https://github.com/msiemens/tinydb
fairseq,https://github.com/pytorch/fairseq
trio,https://github.com/python-trio/trio
httpie,https://github.com/jakubroztocil/httpie
mmcv,https://github.com/open-mmlab/mmcv
sonnet,https://github.com/deepmind/sonnet
jinja,https://github.com/pallets/jinja
pytorch-cnn-visualizations,https://github.com/utkuozbulak/pytorch-cnn-visualizations
channels,https://github.com/django/channels
few-shot-vid2vid,https://github.com/NVlabs/few-shot-vid2vid
InteractiveHtmlBom,https://github.com/openscopeproject/InteractiveHtmlBom
opsmop,https://github.com/opsmop/opsmop
healthchecks,https://github.com/healthchecks/healthchecks
pypykatz,https://github.com/skelsec/pypykatz
Theano,https://github.com/Theano/Theano
catalyst,https://github.com/catalyst-team/catalyst
poincare-embeddings,https://github.com/facebookresearch/poincare-embeddings
rlpyt,https://github.com/astooke/rlpyt
tweepy,https://github.com/tweepy/tweepy
image-analogies,https://github.com/awentzonline/image-analogies
coveragepy,https://github.com/nedbat/coveragepy
sampleproject,https://github.com/pypa/sampleproject
sondra,https://github.com/jeffersonheard/sondra
loguru,https://github.com/Delgan/loguru
gluon-cv,https://github.com/dmlc/gluon-cv
bert-chinese-ner,https://github.com/ProHiryu/bert-chinese-ner
black,https://github.com/psf/black
grip,https://github.com/joeyespo/grip
isort,https://github.com/timothycrosley/isort
quay,https://github.com/quay/quay
sugartex,https://github.com/kiwi0fruit/sugartex
dangerzone,https://github.com/firstlookmedia/dangerzone
supervisor,https://github.com/Supervisor/supervisor
FastMaskRCNN,https://github.com/CharlesShang/FastMaskRCNN
FCOS,https://github.com/tianzhi0549/FCOS
medicaldetectiontoolkit,https://github.com/MIC-DKFZ/medicaldetectiontoolkit
PyTricks,https://github.com/brennerm/PyTricks
YOLOv3_TensorFlow,https://github.com/wizyoung/YOLOv3_TensorFlow
cve-search,https://github.com/cve-search/cve-search
videoflow,https://github.com/videoflow/videoflow
peewee,https://github.com/coleifer/peewee
patroni,https://github.com/zalando/patroni
brain-tokyo-workshop,https://github.com/google/brain-tokyo-workshop
Poco,https://github.com/AirtestProject/Poco
pytype,https://github.com/google/pytype
twtxt,https://github.com/buckket/twtxt
ParlAI,https://github.com/facebookresearch/ParlAI
ZeroNet,https://github.com/HelloZeroNet/ZeroNet
vim-pyunit,https://github.com/nvie/vim-pyunit
mypy,https://github.com/python/mypy
librosa,https://github.com/librosa/librosa
Dshell,https://github.com/USArmyResearchLab/Dshell
marshmallow,https://github.com/marshmallow-code/marshmallow
guake,https://github.com/Guake/guake
keras,https://github.com/keras-team/keras
Ultra-Light-Fast-Generic-Face-Detector-1MB,https://github.com/Linzaer/Ultra-Light-Fast-Generic-Face-Detector-1MB
mt-dnn,https://github.com/namisan/mt-dnn
CrackMapExec,https://github.com/byt3bl33d3r/CrackMapExec
CornerNet-Lite,https://github.com/princeton-vl/CornerNet-Lite
pysheeet,https://github.com/crazyguitar/pysheeet
entity-recognition-datasets,https://github.com/juand-r/entity-recognition-datasets
stack-overflow-import,https://github.com/drathier/stack-overflow-import
nodemcu-pyflasher,https://github.com/marcelstoer/nodemcu-pyflasher
Raccoon,https://github.com/evyatarmeged/Raccoon
MechanicalSoup,https://github.com/MechanicalSoup/MechanicalSoup
TensorFlow-World,https://github.com/astorfi/TensorFlow-World
nameko,https://github.com/nameko/nameko
scapy,https://github.com/secdev/scapy
ignite,https://github.com/pytorch/ignite
openioc-to-stix,https://github.com/STIXProject/openioc-to-stix
learning-nlp,https://github.com/nlpinaction/learning-nlp
ta-lib,https://github.com/mrjbq7/ta-lib
scalene,https://github.com/emeryberger/scalene
BlueKeep,https://github.com/Ekultek/BlueKeep
pipreqs,https://github.com/bndr/pipreqs
anki,https://github.com/ankitects/anki
troposphere,https://github.com/cloudtools/troposphere
gym,https://github.com/openai/gym
cython,https://github.com/cython/cython
twisted,https://github.com/twisted/twisted
pupy,https://github.com/n1nj4sec/pupy
Anime-InPainting,https://github.com/youyuge34/Anime-InPainting
demucs,https://github.com/facebookresearch/demucs
mongo-python-driver,https://github.com/mongodb/mongo-python-driver
labelme,https://github.com/wkentaro/labelme
arrow,https://github.com/crsmithdev/arrow
DeepPavlov,https://github.com/deepmipt/DeepPavlov
modin,https://github.com/modin-project/modin
huey,https://github.com/coleifer/huey
yellowbrick,https://github.com/DistrictDataLabs/yellowbrick
CppCoreGuidelines,https://github.com/isocpp/CppCoreGuidelines
pandarallel,https://github.com/nalepae/pandarallel
AV_Data_Capture,https://github.com/yoshiko2/AV_Data_Capture
text-classification-cnn-rnn,https://github.com/gaussic/text-classification-cnn-rnn
FaceMaskDetection,https://github.com/AIZOOTech/FaceMaskDetection
gooseeker,https://github.com/FullerHua/gooseeker
workshops,https://github.com/ansible/workshops
osim-rl,https://github.com/stanfordnmbl/osim-rl
dask,https://github.com/dask/dask
Deformable-ConvNets,https://github.com/msracver/Deformable-ConvNets
allennlp,https://github.com/allenai/allennlp
pipx,https://github.com/pipxproject/pipx
moviepy,https://github.com/Zulko/moviepy
django-oscar,https://github.com/django-oscar/django-oscar
sqlalchemy,https://github.com/sqlalchemy/sqlalchemy
plato-research-dialogue-system,https://github.com/uber-research/plato-research-dialogue-system
pyautogui,https://github.com/asweigart/pyautogui
tensorflow-wavenet,https://github.com/ibab/tensorflow-wavenet
django-jet,https://github.com/geex-arts/django-jet
fuzzywuzzy,https://github.com/seatgeek/fuzzywuzzy
PyMySQL,https://github.com/PyMySQL/PyMySQL
FaceForensics,https://github.com/ondyari/FaceForensics
self_driving_pi_car,https://github.com/felipessalvatore/self_driving_pi_car
OnlineJudge,https://github.com/QingdaoU/OnlineJudge
MONAI,https://github.com/Project-MONAI/MONAI
pyodide,https://github.com/iodide-project/pyodide
models,https://github.com/tensorflow/models
stanford-tensorflow-tutorials,https://github.com/chiphuyen/stanford-tensorflow-tutorials
python_koans,https://github.com/gregmalcolm/python_koans
raspiblitz,https://github.com/rootzoll/raspiblitz
DeepNude_NoWatermark_withModel,https://github.com/zhengyima/DeepNude_NoWatermark_withModel
rockstar,https://github.com/avinassh/rockstar
pip-tools,https://github.com/jazzband/pip-tools
package_control,https://github.com/wbond/package_control
book,https://github.com/SystemsApproach/book
checkov,https://github.com/bridgecrewio/checkov
deep_sort_pytorch,https://github.com/ZQPei/deep_sort_pytorch
pydown,https://github.com/isnowfy/pydown
stanza,https://github.com/stanfordnlp/stanza
EfficientDet.Pytorch,https://github.com/toandaominh1997/EfficientDet.Pytorch
ShellPop,https://github.com/0x00-0x00/ShellPop
causalml,https://github.com/uber/causalml
pipfile,https://github.com/pypa/pipfile
ArchiveBox,https://github.com/pirate/ArchiveBox
pywonderland,https://github.com/neozhaoliang/pywonderland
gnes,https://github.com/gnes-ai/gnes
mailinabox,https://github.com/mail-in-a-box/mailinabox
frustum-pointnets,https://github.com/charlesq34/frustum-pointnets
mantl,https://github.com/mantl/mantl
django-guardian,https://github.com/django-guardian/django-guardian
easy-tensorflow,https://github.com/easy-tensorflow/easy-tensorflow
simplejson,https://github.com/simplejson/simplejson
ariadne,https://github.com/mirumee/ariadne
dongbei,https://github.com/zhanyong-wan/dongbei
keras-rl,https://github.com/keras-rl/keras-rl
newspaper,https://github.com/codelucas/newspaper
Airtest,https://github.com/AirtestProject/Airtest
mongoengine,https://github.com/MongoEngine/mongoengine
neural-networks-and-deep-learning,https://github.com/mnielsen/neural-networks-and-deep-learning
django-tastypie,https://github.com/django-tastypie/django-tastypie
viz,https://github.com/donnemartin/viz
ExtremeNet,https://github.com/xingyizhou/ExtremeNet
shiv,https://github.com/linkedin/shiv
tqdm,https://github.com/tqdm/tqdm
PointRCNN,https://github.com/sshaoshuai/PointRCNN
HanLP,https://github.com/hankcs/HanLP
buku,https://github.com/jarun/buku
MTCNN-Tensorflow,https://github.com/AITTSMD/MTCNN-Tensorflow
requests,https://github.com/psf/requests
attention-is-all-you-need-pytorch,https://github.com/jadore801120/attention-is-all-you-need-pytorch
arxiv-sanity-preserver,https://github.com/karpathy/arxiv-sanity-preserver
PyTorch-BigGraph,https://github.com/facebookresearch/PyTorch-BigGraph
pyjwt,https://github.com/jpadilla/pyjwt
GCNet,https://github.com/xvjiarui/GCNet
fastNLP,https://github.com/fastnlp/fastNLP
Deep-Learning-21-Examples,https://github.com/hzy46/Deep-Learning-21-Examples
learn2learn,https://github.com/learnables/learn2learn
Spearmint,https://github.com/HIPS/Spearmint
transfer-learning-conv-ai,https://github.com/huggingface/transfer-learning-conv-ai
example-code,https://github.com/fluentpython/example-code
pysc2,https://github.com/deepmind/pysc2
django-crispy-forms,https://github.com/django-crispy-forms/django-crispy-forms
flocker,https://github.com/ClusterHQ/flocker
invoke,https://github.com/pyinvoke/invoke
text-to-text-transfer-transformer,https://github.com/google-research/text-to-text-transfer-transformer
zkfarmer,https://github.com/rs/zkfarmer
dispatch,https://github.com/Netflix/dispatch
wttr.in,https://github.com/chubin/wttr.in
Super-SloMo,https://github.com/avinashpaliwal/Super-SloMo
yousan.ai,https://github.com/longpeng2008/yousan.ai
qr-filetransfer,https://github.com/sdushantha/qr-filetransfer
flair,https://github.com/flairNLP/flair
Python3-Spider,https://github.com/wkunzhi/Python3-Spider
neural-doodle,https://github.com/alexjc/neural-doodle
Nuitka,https://github.com/Nuitka/Nuitka
DeepCreamPy,https://github.com/deeppomf/DeepCreamPy
ranking,https://github.com/tensorflow/ranking
MASS,https://github.com/microsoft/MASS
dash,https://github.com/plotly/dash
compare_gan,https://github.com/google/compare_gan
redis-py,https://github.com/andymccurdy/redis-py
text_renderer,https://github.com/Sanster/text_renderer
pendulum,https://github.com/sdispater/pendulum
CornerNet,https://github.com/princeton-vl/CornerNet
cs230-code-examples,https://github.com/cs230-stanford/cs230-code-examples
house-renting,https://github.com/kezhenxu94/house-renting
flask,https://github.com/pallets/flask
nni,https://github.com/microsoft/nni
reid-strong-baseline,https://github.com/michuanhaohao/reid-strong-baseline
youtube-dl,https://github.com/ytdl-org/youtube-dl
python-librato,https://github.com/librato/python-librato
tortoise-orm,https://github.com/tortoise/tortoise-orm
Tautulli,https://github.com/Tautulli/Tautulli
data-science-ipython-notebooks,https://github.com/donnemartin/data-science-ipython-notebooks
UnsupervisedMT,https://github.com/facebookresearch/UnsupervisedMT
learn_python3_spider,https://github.com/wistbean/learn_python3_spider
wxpy,https://github.com/youfou/wxpy
haxor-news,https://github.com/donnemartin/haxor-news
xadmin,https://github.com/sshwsfc/xadmin
hate_crack,https://github.com/trustedsec/hate_crack
addons,https://github.com/tensorflow/addons
awesome-aws,https://github.com/donnemartin/awesome-aws
gandissect,https://github.com/CSAILVision/gandissect
Perun,https://github.com/WyAtu/Perun
Dwarf,https://github.com/iGio90/Dwarf
PySimpleGUI,https://github.com/PySimpleGUI/PySimpleGUI
chisel,https://github.com/facebook/chisel
Pillow,https://github.com/python-pillow/Pillow
learn-python3,https://github.com/jerry-git/learn-python3
tribler,https://github.com/Tribler/tribler
django-autocomplete-light,https://github.com/yourlabs/django-autocomplete-light
cvxpylayers,https://github.com/cvxgrp/cvxpylayers
hue,https://github.com/cloudera/hue
autojump,https://github.com/wting/autojump
tfc,https://github.com/maqp/tfc
voila,https://github.com/voila-dashboards/voila
discord.py,https://github.com/Rapptz/discord.py
P4wnP1,https://github.com/RoganDawes/P4wnP1
freqtrade,https://github.com/freqtrade/freqtrade
debug-inspector-panel,https://github.com/santiagobasulto/debug-inspector-panel
GitGutter,https://github.com/jisaacks/GitGutter
GitGot,https://github.com/BishopFox/GitGot
proSR,https://github.com/fperazzi/proSR
uArmCreatorStudio,https://github.com/apockill/uArmCreatorStudio
creme,https://github.com/creme-ml/creme
termtosvg,https://github.com/nbedos/termtosvg
AidLearning-FrameWork,https://github.com/aidlearning/AidLearning-FrameWork
deepnude_official,https://github.com/stacklikemind/deepnude_official
PocketFlow,https://github.com/Tencent/PocketFlow
AiLearning,https://github.com/apachecn/AiLearning
PARL,https://github.com/PaddlePaddle/PARL
model-optimization,https://github.com/tensorflow/model-optimization
RocAlphaGo,https://github.com/Rochester-NRT/RocAlphaGo
codemod,https://github.com/facebook/codemod
bullet,https://github.com/Mckinsey666/bullet
incubator-mxnet,https://github.com/apache/incubator-mxnet
buildbot,https://github.com/buildbot/buildbot
BaoTa,https://github.com/aaPanel/BaoTa
numba,https://github.com/numba/numba
gef,https://github.com/hugsy/gef
headphones,https://github.com/rembo10/headphones
fuck-login,https://github.com/xchaoinfo/fuck-login
imagenet18_old,https://github.com/cybertronai/imagenet18_old
FaceDetection-DSFD,https://github.com/TencentYoutuResearch/FaceDetection-DSFD
electrum,https://github.com/spesmilo/electrum
gen-efficientnet-pytorch,https://github.com/rwightman/gen-efficientnet-pytorch
youtube-dl-gui,https://github.com/MrS0m30n3/youtube-dl-gui
sanic,https://github.com/huge-success/sanic
TensorFlow-cn,https://github.com/snowkylin/TensorFlow-cn
python-ds,https://github.com/prabhupant/python-ds
albumentations,https://github.com/albumentations-team/albumentations
py-faster-rcnn,https://github.com/rbgirshick/py-faster-rcnn
docker-py,https://github.com/docker/docker-py
toolbelt,https://github.com/requests/toolbelt
s3cmd,https://github.com/s3tools/s3cmd
cryptography,https://github.com/pyca/cryptography
pyod,https://github.com/yzhao062/pyod
ungoogled-chromium,https://github.com/Eloston/ungoogled-chromium
CuteOne,https://github.com/Hackxiaoya/CuteOne
albert,https://github.com/google-research/albert
telepresence,https://github.com/telepresenceio/telepresence
ChineseGLUE,https://github.com/ChineseGLUE/ChineseGLUE
Personae,https://github.com/Ceruleanacg/Personae
seq2seq-couplet,https://github.com/wb14123/seq2seq-couplet
pandas,https://github.com/pandas-dev/pandas
xunfeng,https://github.com/ysrc/xunfeng
M2Det,https://github.com/qijiezhao/M2Det
rebound,https://github.com/shobrook/rebound
saleor,https://github.com/mirumee/saleor
peda,https://github.com/longld/peda
incubator-tvm,https://github.com/apache/incubator-tvm
numpy-100,https://github.com/rougier/numpy-100
records,https://github.com/kennethreitz-archive/records
requests-html,https://github.com/psf/requests-html
easytrader,https://github.com/shidenggui/easytrader
voltron,https://github.com/snare/voltron
a-PyTorch-Tutorial-to-Object-Detection,https://github.com/sgrvinod/a-PyTorch-Tutorial-to-Object-Detection
PaddleHub,https://github.com/PaddlePaddle/PaddleHub
meshrcnn,https://github.com/facebookresearch/meshrcnn
zulip,https://github.com/zulip/zulip
docker-stacks,https://github.com/jupyter/docker-stacks
walle-web,https://github.com/meolu/walle-web
crnn.pytorch,https://github.com/meijieru/crnn.pytorch
data-science-from-scratch,https://github.com/joelgrus/data-science-from-scratch
MeshCNN,https://github.com/ranahanocka/MeshCNN
thirtylol,https://github.com/infinity1207/thirtylol
PyInquirer,https://github.com/CITGuru/PyInquirer
unilm,https://github.com/microsoft/unilm
st2,https://github.com/StackStorm/st2
Bowler,https://github.com/facebookincubator/Bowler
salt,https://github.com/saltstack/salt
invoice2data,https://github.com/invoice-x/invoice2data
gixy,https://github.com/yandex/gixy
calibre-web,https://github.com/janeczku/calibre-web
pytorch-optimizer,https://github.com/jettify/pytorch-optimizer
opensnitch,https://github.com/evilsocket/opensnitch
kaggle-api,https://github.com/Kaggle/kaggle-api
recursive,https://github.com/arrowtype/recursive
MMdnn,https://github.com/microsoft/MMdnn
Yet-Another-EfficientDet-Pytorch,https://github.com/zylo117/Yet-Another-EfficientDet-Pytorch
botorch,https://github.com/pytorch/botorch
dejavu,https://github.com/worldveil/dejavu
cleanlab,https://github.com/cgnorthcutt/cleanlab
stylegan,https://github.com/NVlabs/stylegan
cnn-text-classification-tf,https://github.com/dennybritz/cnn-text-classification-tf
pynvim,https://github.com/neovim/pynvim
Ultimate-Facebook-Scraper,https://github.com/harismuneer/Ultimate-Facebook-Scraper
featuretools,https://github.com/FeatureLabs/featuretools
pwntools,https://github.com/Gallopsled/pwntools
glasgow,https://github.com/GlasgowEmbedded/glasgow
tf-encrypted,https://github.com/tf-encrypted/tf-encrypted
FARM,https://github.com/deepset-ai/FARM
python-ftfy,https://github.com/LuminosoInsight/python-ftfy
dpark,https://github.com/douban/dpark
uis-rnn,https://github.com/google/uis-rnn
locust,https://github.com/locustio/locust
sheetfu,https://github.com/socialpoint-labs/sheetfu
deda,https://github.com/dfd-tud/deda
pritunl,https://github.com/pritunl/pritunl
python-api-tesing,https://github.com/china-testing/python-api-tesing
awesome-python-login-model,https://github.com/Kr1s77/awesome-python-login-model
imgaug,https://github.com/aleju/imgaug
python-for-android,https://github.com/kivy/python-for-android
DeepQA,https://github.com/Conchylicultor/DeepQA
docopt,https://github.com/docopt/docopt
NeuronBlocks,https://github.com/microsoft/NeuronBlocks
NeMo,https://github.com/NVIDIA/NeMo
openvino_training_extensions,https://github.com/opencv/openvino_training_extensions
CenterNet,https://github.com/xingyizhou/CenterNet
tmuxp,https://github.com/tmux-python/tmuxp
VideoSuperResolution,https://github.com/LoSealL/VideoSuperResolution
Mobile-Security-Framework-MobSF,https://github.com/MobSF/Mobile-Security-Framework-MobSF
drawille,https://github.com/asciimoo/drawille
pydub,https://github.com/jiaaro/pydub
YouCompleteMe,https://github.com/ycm-core/YouCompleteMe
horovod,https://github.com/horovod/horovod
kippo,https://github.com/desaster/kippo
SinGAN,https://github.com/tamarott/SinGAN
imutils,https://github.com/jrosebr1/imutils
luigi,https://github.com/spotify/luigi
MAML-Pytorch,https://github.com/dragen1860/MAML-Pytorch
TensorFlow-Course,https://github.com/machinelearningmindset/TensorFlow-Course
kube-hunter,https://github.com/aquasecurity/kube-hunter
mars,https://github.com/mars-project/mars
adversarial,https://github.com/goodfeli/adversarial
Photon,https://github.com/s0md3v/Photon
koalas,https://github.com/databricks/koalas
qutebrowser,https://github.com/qutebrowser/qutebrowser
django-haystack,https://github.com/django-haystack/django-haystack
open_model_zoo,https://github.com/opencv/open_model_zoo
WeasyPrint,https://github.com/Kozea/WeasyPrint
cheat.sh,https://github.com/chubin/cheat.sh
dephell,https://github.com/dephell/dephell
bitcoind-ncurses,https://github.com/esotericnonsense/bitcoind-ncurses
w9scan,https://github.com/w-digital-scanner/w9scan
platformio-core,https://github.com/platformio/platformio-core
FASPell,https://github.com/iqiyi/FASPell
speech_recognition,https://github.com/Uberi/speech_recognition
d6tflow,https://github.com/d6t/d6tflow
compose,https://github.com/docker/compose
ipwndfu,https://github.com/axi0mX/ipwndfu
Pretrained-Language-Model,https://github.com/huawei-noah/Pretrained-Language-Model
isso,https://github.com/posativ/isso
pysot,https://github.com/STVIR/pysot
neural-enhance,https://github.com/alexjc/neural-enhance
nginx-proxy,https://github.com/nginx-proxy/nginx-proxy
ItChat,https://github.com/littlecodersh/ItChat
transformer-xl,https://github.com/kimiyoung/transformer-xl
Python,https://github.com/TheAlgorithms/Python
cleverhans,https://github.com/tensorflow/cleverhans
django-cms,https://github.com/divio/django-cms
AutoDL,https://github.com/DeepWisdom/AutoDL
nmt,https://github.com/tensorflow/nmt
Deep-learning-with-cats,https://github.com/AlexiaJM/Deep-learning-with-cats
django-ses,https://github.com/django-ses/django-ses
RocketMap,https://github.com/RocketMap/RocketMap
ctrl,https://github.com/salesforce/ctrl
pyrobot,https://github.com/facebookresearch/pyrobot
chartify,https://github.com/spotify/chartify
pydictor,https://github.com/LandGrey/pydictor
Megatron-LM,https://github.com/NVIDIA/Megatron-LM
pytorch-template,https://github.com/victoresque/pytorch-template
numpy-ml,https://github.com/ddbourgin/numpy-ml
google-api-python-client,https://github.com/googleapis/google-api-python-client
pyTelegramBotAPI,https://github.com/eternnoir/pyTelegramBotAPI
python-slackclient,https://github.com/slackapi/python-slackclient
pyAudioAnalysis,https://github.com/tyiannak/pyAudioAnalysis
einops,https://github.com/arogozhnikov/einops
streamlink,https://github.com/streamlink/streamlink
responder,https://github.com/taoufik07/responder
deis,https://github.com/deis/deis
pocsuite3,https://github.com/knownsec/pocsuite3
wemake-python-styleguide,https://github.com/wemake-services/wemake-python-styleguide
hub,https://github.com/tensorflow/hub
decaNLP,https://github.com/salesforce/decaNLP
metaflow,https://github.com/Netflix/metaflow
sanitizers,https://github.com/google/sanitizers
connexion,https://github.com/zalando/connexion
vorta,https://github.com/borgbase/vorta
seq2seq,https://github.com/google/seq2seq
SlowFast,https://github.com/facebookresearch/SlowFast
fbs,https://github.com/mherrmann/fbs
EvilOSX,https://github.com/Marten4n6/EvilOSX
DialoGPT,https://github.com/microsoft/DialoGPT
spleeter,https://github.com/deezer/spleeter
mlflow,https://github.com/mlflow/mlflow
diagrams,https://github.com/mingrammer/diagrams
certbot,https://github.com/certbot/certbot
CouchPotatoServer,https://github.com/CouchPotato/CouchPotatoServer
sacred,https://github.com/IDSIA/sacred
dvc,https://github.com/iterative/dvc
pycodestyle,https://github.com/PyCQA/pycodestyle
ODM,https://github.com/OpenDroneMap/ODM
tianshou,https://github.com/thu-ml/tianshou
gibMacOS,https://github.com/corpnewt/gibMacOS
TensorFlow-Object-Detection-on-the-Raspberry-Pi,https://github.com/EdjeElectronics/TensorFlow-Object-Detection-on-the-Raspberry-Pi
btlejack,https://github.com/virtualabs/btlejack
One-Lin3r,https://github.com/D4Vinci/One-Lin3r
pyecharts,https://github.com/pyecharts/pyecharts
mlcourse.ai,https://github.com/Yorko/mlcourse.ai
darkflow,https://github.com/thtrieu/darkflow
weibospider,https://github.com/SpiderClub/weibospider
Virtuailor,https://github.com/0xgalz/Virtuailor
3DDFA,https://github.com/cleardusk/3DDFA
ipython,https://github.com/ipython/ipython
gryphon,https://github.com/garethdmm/gryphon
theHarvester,https://github.com/laramies/theHarvester
a-PyTorch-Tutorial-to-Image-Captioning,https://github.com/sgrvinod/a-PyTorch-Tutorial-to-Image-Captioning
pytorch-OpCounter,https://github.com/Lyken17/pytorch-OpCounter
